#SampleID	BarcodeSequence
#q2:types	categorical
EW.C2LF.1	AGCCTTCGTCGC
EW.C2LF.3	TCCATACCGGAA
EW.C2NF.2	CCTAACGGTCCA
EW.C3BF.3	CGCGCCTTAAAC
EW.C2RF.3	TACAATATCTGT
EW.Gavage	CGTCCGTATGAA
EW.C3NF.3	ACGTGAGGAACG
EW.C3RF.3	CGGTGACCTACT
EW.Chow	TATTGCAGCAGC
EW.C2NF.0	GTCAACGCTGTC
EW.C1RF.1	ACTTGGTGTAAG
EW.C3BF.2	ATTACGTATCAT
EW.C2RF.2	CACGCAGTCTAC
EW.C1LF.0	TGTGCACGCCAT
EW.C1RF.2	CCGGACAAGAAG
EW.C3BF.1	TTGCTGGACGCT
EW.C2LF.0	GAAGAGGGTTGA
EW.C3NF.1	TATCCAAGCGCA
EW.C2LF.2	AGAGCCAAGAGC
EW.C2NF.1	GGTGAGCAAGCA
EW.C2NF.3	TAAATATACCCT
EW.C3RF.2	TTGCGGACCCTA
EW.C3RF.0	GTCGTCCAAATG
EW.C2RF.1	TGCACAGTCGCT
EW.C1NF.0	TTACTGTGGCCG
EW.C3RF.1	GCTCGAAGATTC
EW.C3NF.2	TATTTGATTGGT
EW.C3BF.0	ACTCCCGTGTGA
EW.C1LF.1	GACTCTGCTCAG
EW.C1LF.3	GTCATGCTCCAG
EW.C3NF.0	TACCGAAGGTAT
EW.C1NF.3	TGAGTATGAGTA
EW.C.Symb	AATGGTTCAGCA
EW.C1NF.2	CGCACCCATACA
EW.C1RF.3	GTGCCATAATCG
EW.C1RF.0	GGATACTCGCAT
EW.WD	AATGTTCAACTT
EW.LF.Fiber	AGCAGTGCGGTG
EW.LF.Pure	CCGGCGACAGAA
EW.WD.Fiber	CTACTCCACGAG
EW.C2RF.0	TAAGGCATCGCT
EW.C1NF.1	AGCGCGGCGAAT
EW.C1LF.2	ACTCTGTAATTA
Mock4_02.13.23	GTCACTCCGAAC
PBS_12.15.23	CGTTCTGGTGGT
PBS_12.29.23	TAGTTCGGTGAC
Mock5_02.14.23	TTAATGGATCGG
Mock6_02.16.23	TCAAGTCCGCAC
